Benefit,Ratio
FY_14_COMP_OVER_TOTAL,0.5016184023106477
FY_14_ED_OVER_TOTAL,0.0911783109944316
FY_14_IN_OVER_TOTAL,0.011160850122757342
FY_14_MED_OVER_TOTAL,0.39604243657216337
