Benefit,Spent
FY_16_COMP_PER_VET,4.140738614854946
FY_16_ED_PER_VET,0.6819194300161444
FY_16_IN_PER_VET,0.07948340580964947
FY_16_MED_PER_VET,3.127828145830699
