FY_14_COMP_PER_VET,FY_14_ED_PER_VET,FY_14_IN_PER_VET,FY_14_MED_PER_VET
3.4376749000937914,0.6248602317910815,0.07648717462113971,2.7141451296536974
