Benefit,Ratio
FY_16_COMP_OVER_TOTAL,0.5156605594937569
FY_16_ED_OVER_TOTAL,0.08492179476151433
FY_16_IN_OVER_TOTAL,0.009898344552161249
FY_16_MED_OVER_TOTAL,0.3895193011925675
