FY_16_COMP_PER_VET,FY_16_ED_PER_VET,FY_16_IN_PER_VET,FY_16_MED_PER_VET
4.140738614854946,0.6819194300161444,0.07948340580964947,3.127828145830699
