FY_15_COMP_PER_VET,FY_15_ED_PER_VET,FY_15_IN_PER_VET,FY_15_MED_PER_VET
3.5121445706416825,0.6213730651887247,0.07899296781935668,3.0382267106082375
